disease_id,drug_id,recommendation_type,source
dis_00092,drug_000062,general,drugs_com.condition
dis_00092,drug_000073,otc,drugs_com.condition
dis_00092,drug_000075,otc,drugs_com.condition
dis_00092,drug_000076,general,drugs_com.condition
dis_00092,drug_000077,general,drugs_com.condition
dis_00092,drug_000078,otc,drugs_com.condition
dis_00092,drug_000079,general,drugs_com.condition
dis_00092,drug_000080,general,drugs_com.condition
dis_00092,drug_000100,general,drugs_com.condition
dis_00092,drug_000134,general,drugs_com.condition
dis_00092,drug_000158,general,drugs_com.condition
dis_00092,drug_000208,general,drugs_com.condition
dis_00092,drug_000458,general,drugs_com.condition
dis_00092,drug_000460,general,drugs_com.condition
dis_00092,drug_000461,general,drugs_com.condition
dis_00092,drug_000475,general,drugs_com.condition
dis_00092,drug_000499,general,drugs_com.condition
dis_00092,drug_000523,general,drugs_com.condition
dis_00092,drug_000524,otc,drugs_com.condition
dis_00092,drug_000525,otc,drugs_com.condition
dis_00092,drug_000677,general,drugs_com.condition
dis_00092,drug_000821,general,drugs_com.condition
dis_00092,drug_000938,general,drugs_com.condition
dis_00092,drug_000981,general,drugs_com.condition
dis_00092,drug_001006,general,drugs_com.condition
dis_00092,drug_001084,general,drugs_com.condition
dis_00092,drug_001097,general,drugs_com.condition
dis_00092,drug_001248,general,drugs_com.condition
dis_00092,drug_001352,general,drugs_com.condition
dis_00092,drug_001353,otc,drugs_com.condition
dis_00092,drug_001354,otc,drugs_com.condition
dis_00092,drug_001355,otc,drugs_com.condition
dis_00092,drug_001474,general,drugs_com.condition
dis_00092,drug_001693,general,drugs_com.condition
dis_00092,drug_001694,general,drugs_com.condition
dis_00092,drug_001750,general,drugs_com.condition
dis_00092,drug_001792,otc,drugs_com.condition
dis_00092,drug_001834,general,drugs_com.condition
dis_00092,drug_001929,otc,drugs_com.condition
dis_00092,drug_001930,otc,drugs_com.condition
dis_00092,drug_002049,otc,drugs_com.condition
dis_00092,drug_002050,otc,drugs_com.condition
dis_00092,drug_002062,general,drugs_com.condition
dis_00092,drug_002068,otc,drugs_com.condition
dis_00092,drug_002069,otc,drugs_com.condition
dis_00092,drug_002070,otc,drugs_com.condition
dis_00092,drug_002109,otc,drugs_com.condition
dis_00092,drug_002111,general,drugs_com.condition
dis_00092,drug_002135,general,drugs_com.condition
dis_00092,drug_002205,general,drugs_com.condition
dis_00092,drug_002234,general,drugs_com.condition
dis_00092,drug_002272,general,drugs_com.condition
dis_00092,drug_002274,general,drugs_com.condition
dis_00092,drug_002275,otc,drugs_com.condition
dis_00092,drug_002288,otc,drugs_com.condition
dis_00092,drug_002339,general,drugs_com.condition
dis_00092,drug_002340,general,drugs_com.condition
dis_00092,drug_002342,general,drugs_com.condition
dis_00092,drug_002343,general,drugs_com.condition
dis_00092,drug_002344,otc,drugs_com.condition
dis_00092,drug_002348,general,drugs_com.condition
dis_00092,drug_002366,otc,drugs_com.condition
dis_00092,drug_002370,general,drugs_com.condition
dis_00092,drug_002375,otc,drugs_com.condition
dis_00092,drug_002450,general,drugs_com.condition
dis_00092,drug_002452,general,drugs_com.condition
dis_00092,drug_002453,general,drugs_com.condition
dis_00092,drug_002470,general,drugs_com.condition
dis_00092,drug_002471,general,drugs_com.condition
dis_00092,drug_002473,general,drugs_com.condition
dis_00092,drug_002572,general,drugs_com.condition
dis_00204,drug_000144,general,drugs_com.condition
dis_00204,drug_000145,otc,drugs_com.condition
dis_00204,drug_000166,general,drugs_com.condition
dis_00204,drug_000167,general,drugs_com.condition
dis_00204,drug_000168,general,drugs_com.condition
dis_00204,drug_000173,general,drugs_com.condition
dis_00204,drug_000174,otc,drugs_com.condition
dis_00204,drug_000175,general,drugs_com.condition
dis_00204,drug_000176,general,drugs_com.condition
dis_00204,drug_000177,general,drugs_com.condition
dis_00204,drug_000179,general,drugs_com.condition
dis_00204,drug_000180,general,drugs_com.condition
dis_00204,drug_000181,general,drugs_com.condition
dis_00204,drug_000182,general,drugs_com.condition
dis_00204,drug_000185,otc,drugs_com.condition
dis_00204,drug_000188,general,drugs_com.condition
dis_00204,drug_000189,general,drugs_com.condition
dis_00204,drug_000190,general,drugs_com.condition
dis_00204,drug_000345,general,drugs_com.condition
dis_00204,drug_000347,otc,drugs_com.condition
dis_00204,drug_000399,general,drugs_com.condition
dis_00204,drug_000537,general,drugs_com.condition
dis_00204,drug_000538,general,drugs_com.condition
dis_00204,drug_000544,general,drugs_com.condition
dis_00204,drug_000545,general,drugs_com.condition
dis_00204,drug_000547,general,drugs_com.condition
dis_00204,drug_000550,general,drugs_com.condition
dis_00204,drug_000680,general,drugs_com.condition
dis_00204,drug_000681,general,drugs_com.condition
dis_00204,drug_000684,general,drugs_com.condition
dis_00204,drug_000714,general,drugs_com.condition
dis_00204,drug_000752,general,drugs_com.condition
dis_00204,drug_000753,otc,drugs_com.condition
dis_00204,drug_000754,otc,drugs_com.condition
dis_00204,drug_000755,otc,drugs_com.condition
dis_00204,drug_000756,general,drugs_com.condition
dis_00204,drug_000760,otc,drugs_com.condition
dis_00204,drug_000765,general,drugs_com.condition
dis_00204,drug_000876,general,drugs_com.condition
dis_00204,drug_000908,general,drugs_com.condition
dis_00204,drug_000909,general,drugs_com.condition
dis_00204,drug_000969,general,drugs_com.condition
dis_00204,drug_000992,general,drugs_com.condition
dis_00204,drug_001020,general,drugs_com.condition
dis_00204,drug_001021,general,drugs_com.condition
dis_00204,drug_001291,general,drugs_com.condition
dis_00204,drug_001292,general,drugs_com.condition
dis_00204,drug_001315,otc,drugs_com.condition
dis_00204,drug_001316,otc,drugs_com.condition
dis_00204,drug_001333,general,drugs_com.condition
dis_00204,drug_001656,otc,drugs_com.condition
dis_00204,drug_001708,general,drugs_com.condition
dis_00204,drug_001710,general,drugs_com.condition
dis_00204,drug_001721,otc,drugs_com.condition
dis_00204,drug_001722,otc,drugs_com.condition
dis_00204,drug_001723,otc,drugs_com.condition
dis_00204,drug_001855,general,drugs_com.condition
dis_00204,drug_001875,general,drugs_com.condition
dis_00204,drug_001914,otc,drugs_com.condition
dis_00204,drug_001915,general,drugs_com.condition
dis_00204,drug_001916,otc,drugs_com.condition
dis_00204,drug_001999,general,drugs_com.condition
dis_00204,drug_002286,otc,drugs_com.condition
dis_00204,drug_002326,general,drugs_com.condition
dis_00204,drug_002333,general,drugs_com.condition
dis_00204,drug_002334,general,drugs_com.condition
dis_00204,drug_002462,general,drugs_com.condition
dis_00204,drug_002519,general,drugs_com.condition
dis_00204,drug_002626,general,drugs_com.condition
dis_00204,drug_002806,general,drugs_com.condition
dis_00204,drug_002907,general,drugs_com.condition
dis_00204,drug_002908,general,drugs_com.condition
dis_00204,drug_002909,general,drugs_com.condition
dis_00205,drug_000136,otc,drugs_com.condition
dis_00205,drug_000709,otc,drugs_com.condition
dis_00205,drug_000964,otc,drugs_com.condition
dis_00205,drug_000965,otc,drugs_com.condition
dis_00205,drug_001066,general,drugs_com.condition
dis_00205,drug_001193,general,drugs_com.condition
dis_00205,drug_001195,general,drugs_com.condition
dis_00205,drug_001670,general,drugs_com.condition
dis_00205,drug_001720,general,drugs_com.condition
dis_00232,drug_000204,general,drugs_com.condition
dis_00232,drug_000303,general,drugs_com.condition
dis_00232,drug_000305,general,drugs_com.condition
dis_00232,drug_001115,general,drugs_com.condition
dis_00232,drug_001116,general,drugs_com.condition
dis_00232,drug_001118,general,drugs_com.condition
dis_00232,drug_001119,general,drugs_com.condition
dis_00232,drug_002794,general,drugs_com.condition
dis_00284,drug_000323,general,drugs_com.condition
dis_00284,drug_000328,general,drugs_com.condition
dis_00284,drug_000333,general,drugs_com.condition
dis_00284,drug_000334,general,drugs_com.condition
dis_00284,drug_000335,general,drugs_com.condition
dis_00284,drug_000342,general,drugs_com.condition
dis_00284,drug_000343,general,drugs_com.condition
dis_00284,drug_000427,general,drugs_com.condition
dis_00284,drug_000428,general,drugs_com.condition
dis_00284,drug_000429,general,drugs_com.condition
dis_00284,drug_001122,general,drugs_com.condition
dis_00284,drug_001123,general,drugs_com.condition
dis_00284,drug_001176,general,drugs_com.condition
dis_00284,drug_001380,general,drugs_com.condition
dis_00284,drug_001433,general,drugs_com.condition
dis_00284,drug_001969,general,drugs_com.condition
dis_00284,drug_002751,general,drugs_com.condition
dis_00307,drug_000823,general,drugs_com.condition
dis_00307,drug_002196,general,drugs_com.condition
dis_03508,drug_000573,general,drugs_com.condition
dis_03536,drug_002012,general,drugs_com.condition
dis_03737,drug_000211,general,drugs_com.condition
dis_03737,drug_000230,general,drugs_com.condition
dis_03737,drug_000419,general,drugs_com.condition
dis_03737,drug_000457,general,drugs_com.condition
dis_03737,drug_000496,general,drugs_com.condition
dis_03737,drug_001071,general,drugs_com.condition
dis_03737,drug_001278,general,drugs_com.condition
dis_03737,drug_001420,general,drugs_com.condition
dis_03737,drug_001421,general,drugs_com.condition
dis_03737,drug_001422,general,drugs_com.condition
dis_03737,drug_001425,general,drugs_com.condition
dis_03737,drug_001508,general,drugs_com.condition
dis_03737,drug_001874,general,drugs_com.condition
dis_03737,drug_001880,general,drugs_com.condition
dis_03737,drug_001881,general,drugs_com.condition
dis_03737,drug_002308,general,drugs_com.condition
dis_03737,drug_002373,general,drugs_com.condition
dis_03737,drug_002662,general,drugs_com.condition
dis_03737,drug_002829,general,drugs_com.condition
dis_03928,drug_001939,general,drugs_com.condition
dis_03928,drug_001940,general,drugs_com.condition
dis_03928,drug_001941,general,drugs_com.condition
dis_03928,drug_002409,general,drugs_com.condition
dis_04032,drug_000003,general,drugs_com.condition
dis_04032,drug_000010,general,drugs_com.condition
dis_04032,drug_000033,otc,drugs_com.condition
dis_04032,drug_000035,otc,drugs_com.condition
dis_04032,drug_000036,otc,drugs_com.condition
dis_04032,drug_000037,otc,drugs_com.condition
dis_04032,drug_000038,otc,drugs_com.condition
dis_04032,drug_000039,otc,drugs_com.condition
dis_04032,drug_000040,general,drugs_com.condition
dis_04032,drug_000042,otc,drugs_com.condition
dis_04032,drug_000043,otc,drugs_com.condition
dis_04032,drug_000044,otc,drugs_com.condition
dis_04032,drug_000045,otc,drugs_com.condition
dis_04032,drug_000046,otc,drugs_com.condition
dis_04032,drug_000047,otc,drugs_com.condition
dis_04032,drug_000048,general,drugs_com.condition
dis_04032,drug_000049,general,drugs_com.condition
dis_04032,drug_000050,otc,drugs_com.condition
dis_04032,drug_000051,otc,drugs_com.condition
dis_04032,drug_000052,otc,drugs_com.condition
dis_04032,drug_000054,general,drugs_com.condition
dis_04032,drug_000058,otc,drugs_com.condition
dis_04032,drug_000086,general,drugs_com.condition
dis_04032,drug_000118,otc,drugs_com.condition
dis_04032,drug_000120,otc,drugs_com.condition
dis_04032,drug_000121,otc,drugs_com.condition
dis_04032,drug_000126,otc,drugs_com.condition
dis_04032,drug_000137,otc,drugs_com.condition
dis_04032,drug_000142,otc,drugs_com.condition
dis_04032,drug_000163,otc,drugs_com.condition
dis_04032,drug_000164,otc,drugs_com.condition
dis_04032,drug_000171,general,drugs_com.condition
dis_04032,drug_000178,general,drugs_com.condition
dis_04032,drug_000183,general,drugs_com.condition
dis_04032,drug_000184,general,drugs_com.condition
dis_04032,drug_000186,general,drugs_com.condition
dis_04032,drug_000187,general,drugs_com.condition
dis_04032,drug_000191,general,drugs_com.condition
dis_04032,drug_000227,general,drugs_com.condition
dis_04032,drug_000292,general,drugs_com.condition
dis_04032,drug_000299,general,drugs_com.condition
dis_04032,drug_000340,otc,drugs_com.condition
dis_04032,drug_000384,otc,drugs_com.condition
dis_04032,drug_000423,general,drugs_com.condition
dis_04032,drug_000441,general,drugs_com.condition
dis_04032,drug_000442,general,drugs_com.condition
dis_04032,drug_000443,general,drugs_com.condition
dis_04032,drug_000444,general,drugs_com.condition
dis_04032,drug_000445,general,drugs_com.condition
dis_04032,drug_000504,general,drugs_com.condition
dis_04032,drug_000522,general,drugs_com.condition
dis_04032,drug_000539,general,drugs_com.condition
dis_04032,drug_000540,general,drugs_com.condition
dis_04032,drug_000542,general,drugs_com.condition
dis_04032,drug_000546,general,drugs_com.condition
dis_04032,drug_000566,general,drugs_com.condition
dis_04032,drug_000599,general,drugs_com.condition
dis_04032,drug_000600,otc,drugs_com.condition
dis_04032,drug_000601,otc,drugs_com.condition
dis_04032,drug_000609,otc,drugs_com.condition
dis_04032,drug_000610,otc,drugs_com.condition
dis_04032,drug_000682,general,drugs_com.condition
dis_04032,drug_000687,otc,drugs_com.condition
dis_04032,drug_000688,general,drugs_com.condition
dis_04032,drug_000690,otc,drugs_com.condition
dis_04032,drug_000691,general,drugs_com.condition
dis_04032,drug_000692,otc,drugs_com.condition
dis_04032,drug_000693,otc,drugs_com.condition
dis_04032,drug_000694,general,drugs_com.condition
dis_04032,drug_000695,otc,drugs_com.condition
dis_04032,drug_000696,general,drugs_com.condition
dis_04032,drug_000697,general,drugs_com.condition
dis_04032,drug_000700,otc,drugs_com.condition
dis_04032,drug_000702,general,drugs_com.condition
dis_04032,drug_000705,general,drugs_com.condition
dis_04032,drug_000706,general,drugs_com.condition
dis_04032,drug_000707,general,drugs_com.condition
dis_04032,drug_000710,otc,drugs_com.condition
dis_04032,drug_000711,general,drugs_com.condition
dis_04032,drug_000712,general,drugs_com.condition
dis_04032,drug_000716,general,drugs_com.condition
dis_04032,drug_000717,general,drugs_com.condition
dis_04032,drug_000761,otc,drugs_com.condition
dis_04032,drug_000807,general,drugs_com.condition
dis_04032,drug_000809,general,drugs_com.condition
dis_04032,drug_000811,general,drugs_com.condition
dis_04032,drug_000812,general,drugs_com.condition
dis_04032,drug_000815,otc,drugs_com.condition
dis_04032,drug_000820,general,drugs_com.condition
dis_04032,drug_000824,otc,drugs_com.condition
dis_04032,drug_000825,otc,drugs_com.condition
dis_04032,drug_000826,otc,drugs_com.condition
dis_04032,drug_000827,otc,drugs_com.condition
dis_04032,drug_000828,general,drugs_com.condition
dis_04032,drug_000831,general,drugs_com.condition
dis_04032,drug_000836,otc,drugs_com.condition
dis_04032,drug_000837,general,drugs_com.condition
dis_04032,drug_000848,otc,drugs_com.condition
dis_04032,drug_000849,otc,drugs_com.condition
dis_04032,drug_000850,otc,drugs_com.condition
dis_04032,drug_000893,otc,drugs_com.condition
dis_04032,drug_000894,general,drugs_com.condition
dis_04032,drug_000910,general,drugs_com.condition
dis_04032,drug_000913,otc,drugs_com.condition
dis_04032,drug_000914,general,drugs_com.condition
dis_04032,drug_000915,general,drugs_com.condition
dis_04032,drug_000916,otc,drugs_com.condition
dis_04032,drug_000917,general,drugs_com.condition
dis_04032,drug_000966,general,drugs_com.condition
dis_04032,drug_000968,general,drugs_com.condition
dis_04032,drug_000976,general,drugs_com.condition
dis_04032,drug_000977,general,drugs_com.condition
dis_04032,drug_000978,otc,drugs_com.condition
dis_04032,drug_000980,otc,drugs_com.condition
dis_04032,drug_000985,otc,drugs_com.condition
dis_04032,drug_001004,general,drugs_com.condition
dis_04032,drug_001025,general,drugs_com.condition
dis_04032,drug_001026,general,drugs_com.condition
dis_04032,drug_001027,general,drugs_com.condition
dis_04032,drug_001031,general,drugs_com.condition
dis_04032,drug_001037,general,drugs_com.condition
dis_04032,drug_001047,otc,drugs_com.condition
dis_04032,drug_001067,otc,drugs_com.condition
dis_04032,drug_001068,general,drugs_com.condition
dis_04032,drug_001072,general,drugs_com.condition
dis_04032,drug_001093,general,drugs_com.condition
dis_04032,drug_001112,general,drugs_com.condition
dis_04032,drug_001113,general,drugs_com.condition
dis_04032,drug_001114,general,drugs_com.condition
dis_04032,drug_001124,general,drugs_com.condition
dis_04032,drug_001125,general,drugs_com.condition
dis_04032,drug_001126,general,drugs_com.condition
dis_04032,drug_001127,general,drugs_com.condition
dis_04032,drug_001128,general,drugs_com.condition
dis_04032,drug_001181,general,drugs_com.condition
dis_04032,drug_001251,otc,drugs_com.condition
dis_04032,drug_001252,otc,drugs_com.condition
dis_04032,drug_001271,otc,drugs_com.condition
dis_04032,drug_001320,otc,drugs_com.condition
dis_04032,drug_001332,general,drugs_com.condition
dis_04032,drug_001358,otc,drugs_com.condition
dis_04032,drug_001410,general,drugs_com.condition
dis_04032,drug_001419,general,drugs_com.condition
dis_04032,drug_001445,general,drugs_com.condition
dis_04032,drug_001448,otc,drugs_com.condition
dis_04032,drug_001451,otc,drugs_com.condition
dis_04032,drug_001514,otc,drugs_com.condition
dis_04032,drug_001727,general,drugs_com.condition
dis_04032,drug_001769,general,drugs_com.condition
dis_04032,drug_001876,general,drugs_com.condition
dis_04032,drug_001877,general,drugs_com.condition
dis_04032,drug_001878,general,drugs_com.condition
dis_04032,drug_001879,general,drugs_com.condition
dis_04032,drug_001882,otc,drugs_com.condition
dis_04032,drug_001900,general,drugs_com.condition
dis_04032,drug_001947,otc,drugs_com.condition
dis_04032,drug_001960,general,drugs_com.condition
dis_04032,drug_001962,general,drugs_com.condition
dis_04032,drug_001971,general,drugs_com.condition
dis_04032,drug_002019,general,drugs_com.condition
dis_04032,drug_002066,otc,drugs_com.condition
dis_04032,drug_002121,general,drugs_com.condition
dis_04032,drug_002125,otc,drugs_com.condition
dis_04032,drug_002130,general,drugs_com.condition
dis_04032,drug_002151,otc,drugs_com.condition
dis_04032,drug_002185,general,drugs_com.condition
dis_04032,drug_002214,general,drugs_com.condition
dis_04032,drug_002309,otc,drugs_com.condition
dis_04032,drug_002310,otc,drugs_com.condition
dis_04032,drug_002311,general,drugs_com.condition
dis_04032,drug_002372,general,drugs_com.condition
dis_04032,drug_002393,general,drugs_com.condition
dis_04032,drug_002404,general,drugs_com.condition
dis_04032,drug_002456,general,drugs_com.condition
dis_04032,drug_002457,otc,drugs_com.condition
dis_04032,drug_002458,general,drugs_com.condition
dis_04032,drug_002459,otc,drugs_com.condition
dis_04032,drug_002460,general,drugs_com.condition
dis_04032,drug_002461,general,drugs_com.condition
dis_04032,drug_002486,general,drugs_com.condition
dis_04032,drug_002545,otc,drugs_com.condition
dis_04032,drug_002546,otc,drugs_com.condition
dis_04032,drug_002547,otc,drugs_com.condition
dis_04032,drug_002548,general,drugs_com.condition
dis_04032,drug_002549,otc,drugs_com.condition
dis_04032,drug_002550,otc,drugs_com.condition
dis_04032,drug_002551,otc,drugs_com.condition
dis_04032,drug_002552,general,drugs_com.condition
dis_04032,drug_002627,otc,drugs_com.condition
dis_04032,drug_002628,otc,drugs_com.condition
dis_04032,drug_002633,general,drugs_com.condition
dis_04032,drug_002660,general,drugs_com.condition
dis_04032,drug_002664,general,drugs_com.condition
dis_04032,drug_002665,general,drugs_com.condition
dis_04032,drug_002673,general,drugs_com.condition
dis_04032,drug_002675,otc,drugs_com.condition
dis_04032,drug_002676,otc,drugs_com.condition
dis_04032,drug_002677,otc,drugs_com.condition
dis_04032,drug_002678,otc,drugs_com.condition
dis_04032,drug_002679,otc,drugs_com.condition
dis_04032,drug_002680,general,drugs_com.condition
dis_04032,drug_002681,otc,drugs_com.condition
dis_04032,drug_002682,otc,drugs_com.condition
dis_04032,drug_002683,otc,drugs_com.condition
dis_04032,drug_002684,general,drugs_com.condition
dis_04032,drug_002685,otc,drugs_com.condition
dis_04032,drug_002686,otc,drugs_com.condition
dis_04032,drug_002687,general,drugs_com.condition
dis_04032,drug_002689,general,drugs_com.condition
dis_04032,drug_002738,general,drugs_com.condition
dis_04032,drug_002740,general,drugs_com.condition
dis_04032,drug_002763,general,drugs_com.condition
dis_04032,drug_002767,otc,drugs_com.condition
dis_04032,drug_002768,general,drugs_com.condition
dis_04032,drug_002769,otc,drugs_com.condition
dis_04032,drug_002770,otc,drugs_com.condition
dis_04032,drug_002771,otc,drugs_com.condition
dis_04032,drug_002772,otc,drugs_com.condition
dis_04032,drug_002773,otc,drugs_com.condition
dis_04032,drug_002774,otc,drugs_com.condition
dis_04032,drug_002775,general,drugs_com.condition
dis_04032,drug_002792,general,drugs_com.condition
dis_04032,drug_002805,general,drugs_com.condition
dis_04032,drug_002875,general,drugs_com.condition
dis_04132,drug_000473,general,drugs_com.condition
dis_04132,drug_000505,otc,drugs_com.condition
dis_04132,drug_000506,otc,drugs_com.condition
dis_04132,drug_000641,otc,drugs_com.condition
dis_04132,drug_000741,general,drugs_com.condition
dis_04132,drug_000742,general,drugs_com.condition
dis_04132,drug_000743,general,drugs_com.condition
dis_04132,drug_000762,general,drugs_com.condition
dis_04132,drug_000813,general,drugs_com.condition
dis_04132,drug_000814,general,drugs_com.condition
dis_04132,drug_000853,otc,drugs_com.condition
dis_04132,drug_001022,general,drugs_com.condition
dis_04132,drug_001032,general,drugs_com.condition
dis_04132,drug_001042,general,drugs_com.condition
dis_04132,drug_001044,general,drugs_com.condition
dis_04132,drug_001045,general,drugs_com.condition
dis_04132,drug_001083,otc,drugs_com.condition
dis_04132,drug_001085,general,drugs_com.condition
dis_04132,drug_001171,general,drugs_com.condition
dis_04132,drug_001192,otc,drugs_com.condition
dis_04132,drug_001294,otc,drugs_com.condition
dis_04132,drug_001295,otc,drugs_com.condition
dis_04132,drug_001296,otc,drugs_com.condition
dis_04132,drug_001297,otc,drugs_com.condition
dis_04132,drug_001307,otc,drugs_com.condition
dis_04132,drug_001308,general,drugs_com.condition
dis_04132,drug_001309,general,drugs_com.condition
dis_04132,drug_001310,general,drugs_com.condition
dis_04132,drug_001311,general,drugs_com.condition
dis_04132,drug_001372,general,drugs_com.condition
dis_04132,drug_001388,general,drugs_com.condition
dis_04132,drug_001402,general,drugs_com.condition
dis_04132,drug_001403,general,drugs_com.condition
dis_04132,drug_001488,otc,drugs_com.condition
dis_04132,drug_001633,otc,drugs_com.condition
dis_04132,drug_001748,general,drugs_com.condition
dis_04132,drug_001749,general,drugs_com.condition
dis_04132,drug_001751,general,drugs_com.condition
dis_04132,drug_001791,otc,drugs_com.condition
dis_04132,drug_001807,general,drugs_com.condition
dis_04132,drug_001836,general,drugs_com.condition
dis_04132,drug_001846,general,drugs_com.condition
dis_04132,drug_001918,otc,drugs_com.condition
dis_04132,drug_002037,general,drugs_com.condition
dis_04132,drug_002080,general,drugs_com.condition
dis_04132,drug_002081,general,drugs_com.condition
dis_04132,drug_002083,general,drugs_com.condition
dis_04132,drug_002134,general,drugs_com.condition
dis_04132,drug_002153,otc,drugs_com.condition
dis_04132,drug_002154,general,drugs_com.condition
dis_04132,drug_002156,general,drugs_com.condition
dis_04132,drug_002216,otc,drugs_com.condition
dis_04132,drug_002217,general,drugs_com.condition
dis_04132,drug_002256,otc,drugs_com.condition
dis_04132,drug_002349,general,drugs_com.condition
dis_04132,drug_002411,general,drugs_com.condition
dis_04132,drug_002427,general,drugs_com.condition
dis_04132,drug_002477,general,drugs_com.condition
dis_04132,drug_002483,general,drugs_com.condition
dis_04132,drug_002720,general,drugs_com.condition
dis_04314,drug_000287,general,drugs_com.condition
dis_04314,drug_000507,general,drugs_com.condition
dis_04314,drug_000508,general,drugs_com.condition
dis_04314,drug_000509,general,drugs_com.condition
dis_04314,drug_000510,general,drugs_com.condition
dis_04314,drug_000676,otc,drugs_com.condition
dis_04314,drug_000986,general,drugs_com.condition
dis_04314,drug_001143,otc,drugs_com.condition
dis_04314,drug_001172,otc,drugs_com.condition
dis_04314,drug_001194,otc,drugs_com.condition
dis_04314,drug_001317,otc,drugs_com.condition
dis_04314,drug_001318,otc,drugs_com.condition
dis_04314,drug_001529,general,drugs_com.condition
dis_04314,drug_001530,general,drugs_com.condition
dis_04314,drug_001614,general,drugs_com.condition
dis_04314,drug_001715,general,drugs_com.condition
dis_04314,drug_001767,otc,drugs_com.condition
dis_04314,drug_002025,otc,drugs_com.condition
dis_04314,drug_002082,otc,drugs_com.condition
dis_04314,drug_002100,general,drugs_com.condition
dis_04314,drug_002101,general,drugs_com.condition
dis_04314,drug_002140,general,drugs_com.condition
dis_04314,drug_002257,otc,drugs_com.condition
dis_04314,drug_002281,otc,drugs_com.condition
dis_04314,drug_002337,otc,drugs_com.condition
dis_04314,drug_002338,otc,drugs_com.condition
dis_04314,drug_002426,general,drugs_com.condition
dis_04314,drug_002710,general,drugs_com.condition
dis_04449,drug_000254,general,drugs_com.condition
dis_04449,drug_000304,otc,drugs_com.condition
dis_04449,drug_000484,otc,drugs_com.condition
dis_04449,drug_000594,otc,drugs_com.condition
dis_04449,drug_000607,general,drugs_com.condition
dis_04449,drug_000624,general,drugs_com.condition
dis_04449,drug_000625,general,drugs_com.condition
dis_04449,drug_000860,otc,drugs_com.condition
dis_04449,drug_000861,otc,drugs_com.condition
dis_04449,drug_000930,general,drugs_com.condition
dis_04449,drug_000931,general,drugs_com.condition
dis_04449,drug_000932,general,drugs_com.condition
dis_04449,drug_000939,otc,drugs_com.condition
dis_04449,drug_000946,otc,drugs_com.condition
dis_04449,drug_001323,general,drugs_com.condition
dis_04449,drug_001491,general,drugs_com.condition
dis_04449,drug_001626,general,drugs_com.condition
dis_04449,drug_002355,otc,drugs_com.condition
dis_04449,drug_002498,general,drugs_com.condition
dis_04449,drug_002499,general,drugs_com.condition
dis_04449,drug_002693,otc,drugs_com.condition
dis_04449,drug_002699,general,drugs_com.condition
dis_04449,drug_002700,general,drugs_com.condition
dis_04764,drug_001680,general,drugs_com.condition
dis_04764,drug_002833,general,drugs_com.condition
dis_04784,drug_000064,otc,drugs_com.condition
dis_04784,drug_000065,otc,drugs_com.condition
dis_04784,drug_000066,general,drugs_com.condition
dis_04784,drug_000143,otc,drugs_com.condition
dis_04784,drug_000162,otc,drugs_com.condition
dis_04784,drug_000194,otc,drugs_com.condition
dis_04784,drug_000217,general,drugs_com.condition
dis_04784,drug_000218,otc,drugs_com.condition
dis_04784,drug_000219,otc,drugs_com.condition
dis_04784,drug_000220,otc,drugs_com.condition
dis_04784,drug_000264,general,drugs_com.condition
dis_04784,drug_000393,otc,drugs_com.condition
dis_04784,drug_000578,otc,drugs_com.condition
dis_04784,drug_000585,otc,drugs_com.condition
dis_04784,drug_000586,otc,drugs_com.condition
dis_04784,drug_000587,otc,drugs_com.condition
dis_04784,drug_000588,otc,drugs_com.condition
dis_04784,drug_000731,general,drugs_com.condition
dis_04784,drug_000983,otc,drugs_com.condition
dis_04784,drug_001078,otc,drugs_com.condition
dis_04784,drug_001088,otc,drugs_com.condition
dis_04784,drug_001218,general,drugs_com.condition
dis_04784,drug_001266,general,drugs_com.condition
dis_04784,drug_001370,otc,drugs_com.condition
dis_04784,drug_001376,otc,drugs_com.condition
dis_04784,drug_001439,otc,drugs_com.condition
dis_04784,drug_001440,general,drugs_com.condition
dis_04784,drug_001649,general,drugs_com.condition
dis_04784,drug_001820,otc,drugs_com.condition
dis_04784,drug_001833,otc,drugs_com.condition
dis_04784,drug_001843,otc,drugs_com.condition
dis_04784,drug_001844,otc,drugs_com.condition
dis_04784,drug_001886,otc,drugs_com.condition
dis_04784,drug_001887,otc,drugs_com.condition
dis_04784,drug_001888,otc,drugs_com.condition
dis_04784,drug_001889,otc,drugs_com.condition
dis_04784,drug_001937,otc,drugs_com.condition
dis_04784,drug_001959,general,drugs_com.condition
dis_04784,drug_002013,general,drugs_com.condition
dis_04784,drug_002014,general,drugs_com.condition
dis_04784,drug_002096,otc,drugs_com.condition
dis_04784,drug_002097,otc,drugs_com.condition
dis_04784,drug_002098,otc,drugs_com.condition
dis_04784,drug_002178,otc,drugs_com.condition
dis_04784,drug_002184,otc,drugs_com.condition
dis_04784,drug_002329,otc,drugs_com.condition
dis_04784,drug_002412,general,drugs_com.condition
dis_04784,drug_002510,general,drugs_com.condition
dis_04784,drug_002577,otc,drugs_com.condition
dis_04784,drug_002632,general,drugs_com.condition
dis_04784,drug_002657,otc,drugs_com.condition
dis_04784,drug_002658,otc,drugs_com.condition
dis_04784,drug_002659,otc,drugs_com.condition
dis_04784,drug_002848,otc,drugs_com.condition
dis_04898,drug_001429,general,drugs_com.condition
dis_04898,drug_001430,general,drugs_com.condition
dis_04898,drug_001842,general,drugs_com.condition
dis_04898,drug_002313,general,drugs_com.condition
dis_04898,drug_002314,general,drugs_com.condition
dis_04898,drug_002315,general,drugs_com.condition
dis_05025,drug_000015,otc,drugs_com.condition
dis_05025,drug_000172,otc,drugs_com.condition
dis_05025,drug_000514,otc,drugs_com.condition
dis_05025,drug_001043,otc,drugs_com.condition
dis_05225,drug_002051,general,drugs_com.condition
dis_05266,drug_000053,general,drugs_com.condition
dis_05266,drug_000125,otc,drugs_com.condition
dis_05266,drug_000156,otc,drugs_com.condition
dis_05266,drug_000822,general,drugs_com.condition
dis_05266,drug_001019,general,drugs_com.condition
dis_05266,drug_001028,otc,drugs_com.condition
dis_05266,drug_001029,otc,drugs_com.condition
dis_05266,drug_001030,otc,drugs_com.condition
dis_05266,drug_001041,otc,drugs_com.condition
dis_05266,drug_001438,general,drugs_com.condition
dis_05266,drug_001515,otc,drugs_com.condition
dis_05266,drug_001659,general,drugs_com.condition
dis_05266,drug_001828,general,drugs_com.condition
dis_05266,drug_001868,otc,drugs_com.condition
dis_05266,drug_001944,general,drugs_com.condition
dis_05266,drug_001990,general,drugs_com.condition
dis_05266,drug_001991,general,drugs_com.condition
dis_05266,drug_002106,general,drugs_com.condition
dis_05266,drug_002107,general,drugs_com.condition
dis_05266,drug_002399,general,drugs_com.condition
dis_05266,drug_002407,general,drugs_com.condition
dis_05266,drug_002408,general,drugs_com.condition
dis_05266,drug_002424,general,drugs_com.condition
dis_05266,drug_002688,general,drugs_com.condition
dis_05266,drug_002706,general,drugs_com.condition
dis_05266,drug_002707,general,drugs_com.condition
dis_05266,drug_002708,general,drugs_com.condition
dis_05266,drug_002841,general,drugs_com.condition
dis_05266,drug_002911,general,drugs_com.condition
dis_05785,drug_000030,otc,drugs_com.condition
dis_05785,drug_000031,general,drugs_com.condition
dis_05785,drug_000270,otc,drugs_com.condition
dis_05785,drug_000415,otc,drugs_com.condition
dis_05785,drug_001249,otc,drugs_com.condition
dis_05785,drug_001250,otc,drugs_com.condition
dis_05785,drug_001379,otc,drugs_com.condition
dis_05785,drug_001414,otc,drugs_com.condition
dis_05785,drug_001415,otc,drugs_com.condition
dis_05785,drug_001416,otc,drugs_com.condition
dis_05785,drug_001831,otc,drugs_com.condition
dis_05785,drug_002063,general,drugs_com.condition
dis_05785,drug_002747,otc,drugs_com.condition
dis_06158,drug_000002,general,drugs_com.condition
dis_06158,drug_000029,otc,drugs_com.condition
dis_06158,drug_000089,general,drugs_com.condition
dis_06158,drug_000103,general,drugs_com.condition
dis_06158,drug_000117,general,drugs_com.condition
dis_06158,drug_000123,general,drugs_com.condition
dis_06158,drug_000130,general,drugs_com.condition
dis_06158,drug_000155,general,drugs_com.condition
dis_06158,drug_000169,general,drugs_com.condition
dis_06158,drug_000170,general,drugs_com.condition
dis_06158,drug_000275,general,drugs_com.condition
dis_06158,drug_000276,general,drugs_com.condition
dis_06158,drug_000322,otc,drugs_com.condition
dis_06158,drug_000330,otc,drugs_com.condition
dis_06158,drug_000394,general,drugs_com.condition
dis_06158,drug_000502,general,drugs_com.condition
dis_06158,drug_000519,general,drugs_com.condition
dis_06158,drug_000612,general,drugs_com.condition
dis_06158,drug_000616,general,drugs_com.condition
dis_06158,drug_000620,general,drugs_com.condition
dis_06158,drug_000621,general,drugs_com.condition
dis_06158,drug_000622,general,drugs_com.condition
dis_06158,drug_000639,general,drugs_com.condition
dis_06158,drug_000640,general,drugs_com.condition
dis_06158,drug_000720,general,drugs_com.condition
dis_06158,drug_000721,otc,drugs_com.condition
dis_06158,drug_000726,general,drugs_com.condition
dis_06158,drug_000865,general,drugs_com.condition
dis_06158,drug_000993,general,drugs_com.condition
dis_06158,drug_001121,general,drugs_com.condition
dis_06158,drug_001238,general,drugs_com.condition
dis_06158,drug_001257,general,drugs_com.condition
dis_06158,drug_001304,general,drugs_com.condition
dis_06158,drug_001384,general,drugs_com.condition
dis_06158,drug_001395,general,drugs_com.condition
dis_06158,drug_001417,general,drugs_com.condition
dis_06158,drug_001441,general,drugs_com.condition
dis_06158,drug_001512,general,drugs_com.condition
dis_06158,drug_001513,general,drugs_com.condition
dis_06158,drug_001628,general,drugs_com.condition
dis_06158,drug_001687,general,drugs_com.condition
dis_06158,drug_001780,general,drugs_com.condition
dis_06158,drug_001782,general,drugs_com.condition
dis_06158,drug_001806,general,drugs_com.condition
dis_06158,drug_001827,general,drugs_com.condition
dis_06158,drug_001864,general,drugs_com.condition
dis_06158,drug_001866,general,drugs_com.condition
dis_06158,drug_001890,otc,drugs_com.condition
dis_06158,drug_001908,general,drugs_com.condition
dis_06158,drug_001909,general,drugs_com.condition
dis_06158,drug_001910,general,drugs_com.condition
dis_06158,drug_001986,general,drugs_com.condition
dis_06158,drug_002022,general,drugs_com.condition
dis_06158,drug_002038,general,drugs_com.condition
dis_06158,drug_002039,otc,drugs_com.condition
dis_06158,drug_002207,general,drugs_com.condition
dis_06158,drug_002213,general,drugs_com.condition
dis_06158,drug_002259,general,drugs_com.condition
dis_06158,drug_002346,general,drugs_com.condition
dis_06158,drug_002367,general,drugs_com.condition
dis_06158,drug_002371,general,drugs_com.condition
dis_06158,drug_002410,general,drugs_com.condition
dis_06158,drug_002650,otc,drugs_com.condition
dis_06158,drug_002799,otc,drugs_com.condition
dis_06158,drug_002891,general,drugs_com.condition
dis_06158,drug_002892,general,drugs_com.condition
dis_06158,drug_002893,general,drugs_com.condition
dis_06187,drug_000575,general,drugs_com.condition
dis_06187,drug_000576,general,drugs_com.condition
dis_06187,drug_000581,general,drugs_com.condition
dis_06187,drug_000582,otc,drugs_com.condition
dis_06187,drug_000589,general,drugs_com.condition
dis_06187,drug_000590,general,drugs_com.condition
dis_06187,drug_000591,general,drugs_com.condition
dis_06187,drug_000592,otc,drugs_com.condition
dis_06187,drug_000593,otc,drugs_com.condition
dis_06187,drug_000596,otc,drugs_com.condition
dis_06187,drug_000597,otc,drugs_com.condition
dis_06187,drug_000740,otc,drugs_com.condition
dis_06187,drug_002031,otc,drugs_com.condition
dis_06187,drug_002032,otc,drugs_com.condition
dis_06187,drug_002033,otc,drugs_com.condition
dis_06187,drug_002058,otc,drugs_com.condition
dis_06187,drug_002155,otc,drugs_com.condition
dis_06187,drug_002712,otc,drugs_com.condition
dis_06224,drug_000001,general,drugs_com.condition
dis_06224,drug_000011,general,drugs_com.condition
dis_06224,drug_000028,general,drugs_com.condition
dis_06224,drug_000056,otc,drugs_com.condition
dis_06224,drug_000082,general,drugs_com.condition
dis_06224,drug_000087,general,drugs_com.condition
dis_06224,drug_000088,general,drugs_com.condition
dis_06224,drug_000092,general,drugs_com.condition
dis_06224,drug_000119,general,drugs_com.condition
dis_06224,drug_000122,general,drugs_com.condition
dis_06224,drug_000124,general,drugs_com.condition
dis_06224,drug_000165,otc,drugs_com.condition
dis_06224,drug_000197,otc,drugs_com.condition
dis_06224,drug_000212,general,drugs_com.condition
dis_06224,drug_000236,general,drugs_com.condition
dis_06224,drug_000269,otc,drugs_com.condition
dis_06224,drug_000271,general,drugs_com.condition
dis_06224,drug_000277,general,drugs_com.condition
dis_06224,drug_000279,otc,drugs_com.condition
dis_06224,drug_000280,otc,drugs_com.condition
dis_06224,drug_000296,general,drugs_com.condition
dis_06224,drug_000311,otc,drugs_com.condition
dis_06224,drug_000324,general,drugs_com.condition
dis_06224,drug_000331,general,drugs_com.condition
dis_06224,drug_000332,general,drugs_com.condition
dis_06224,drug_000337,otc,drugs_com.condition
dis_06224,drug_000348,general,drugs_com.condition
dis_06224,drug_000352,general,drugs_com.condition
dis_06224,drug_000372,general,drugs_com.condition
dis_06224,drug_000414,otc,drugs_com.condition
dis_06224,drug_000416,otc,drugs_com.condition
dis_06224,drug_000430,otc,drugs_com.condition
dis_06224,drug_000431,otc,drugs_com.condition
dis_06224,drug_000433,otc,drugs_com.condition
dis_06224,drug_000434,otc,drugs_com.condition
dis_06224,drug_000450,general,drugs_com.condition
dis_06224,drug_000451,general,drugs_com.condition
dis_06224,drug_000452,general,drugs_com.condition
dis_06224,drug_000453,general,drugs_com.condition
dis_06224,drug_000471,general,drugs_com.condition
dis_06224,drug_000472,general,drugs_com.condition
dis_06224,drug_000501,otc,drugs_com.condition
dis_06224,drug_000503,general,drugs_com.condition
dis_06224,drug_000515,general,drugs_com.condition
dis_06224,drug_000516,general,drugs_com.condition
dis_06224,drug_000595,general,drugs_com.condition
dis_06224,drug_000611,general,drugs_com.condition
dis_06224,drug_000614,otc,drugs_com.condition
dis_06224,drug_000615,otc,drugs_com.condition
dis_06224,drug_000674,general,drugs_com.condition
dis_06224,drug_000679,general,drugs_com.condition
dis_06224,drug_000683,general,drugs_com.condition
dis_06224,drug_000685,general,drugs_com.condition
dis_06224,drug_000686,general,drugs_com.condition
dis_06224,drug_000689,general,drugs_com.condition
dis_06224,drug_000727,general,drugs_com.condition
dis_06224,drug_000840,general,drugs_com.condition
dis_06224,drug_000841,otc,drugs_com.condition
dis_06224,drug_000921,otc,drugs_com.condition
dis_06224,drug_000923,general,drugs_com.condition
dis_06224,drug_000935,general,drugs_com.condition
dis_06224,drug_000943,general,drugs_com.condition
dis_06224,drug_001027,otc,drugs_com.condition
dis_06224,drug_001039,general,drugs_com.condition
dis_06224,drug_001040,general,drugs_com.condition
dis_06224,drug_001048,general,drugs_com.condition
dis_06224,drug_001107,general,drugs_com.condition
dis_06224,drug_001142,general,drugs_com.condition
dis_06224,drug_001258,otc,drugs_com.condition
dis_06224,drug_001273,general,drugs_com.condition
dis_06224,drug_001290,general,drugs_com.condition
dis_06224,drug_001312,general,drugs_com.condition
dis_06224,drug_001373,otc,drugs_com.condition
dis_06224,drug_001381,general,drugs_com.condition
dis_06224,drug_001382,general,drugs_com.condition
dis_06224,drug_001411,general,drugs_com.condition
dis_06224,drug_001516,general,drugs_com.condition
dis_06224,drug_001517,general,drugs_com.condition
dis_06224,drug_001518,general,drugs_com.condition
dis_06224,drug_001519,general,drugs_com.condition
dis_06224,drug_001541,general,drugs_com.condition
dis_06224,drug_001593,otc,drugs_com.condition
dis_06224,drug_001606,general,drugs_com.condition
dis_06224,drug_001613,general,drugs_com.condition
dis_06224,drug_001648,general,drugs_com.condition
dis_06224,drug_001652,general,drugs_com.condition
dis_06224,drug_001682,general,drugs_com.condition
dis_06224,drug_001683,otc,drugs_com.condition
dis_06224,drug_001685,general,drugs_com.condition
dis_06224,drug_001703,otc,drugs_com.condition
dis_06224,drug_001704,otc,drugs_com.condition
dis_06224,drug_001741,general,drugs_com.condition
dis_06224,drug_001745,general,drugs_com.condition
dis_06224,drug_001752,general,drugs_com.condition
dis_06224,drug_001753,general,drugs_com.condition
dis_06224,drug_001754,general,drugs_com.condition
dis_06224,drug_001758,general,drugs_com.condition
dis_06224,drug_001766,otc,drugs_com.condition
dis_06224,drug_001768,otc,drugs_com.condition
dis_06224,drug_001770,general,drugs_com.condition
dis_06224,drug_001774,otc,drugs_com.condition
dis_06224,drug_001775,otc,drugs_com.condition
dis_06224,drug_001781,general,drugs_com.condition
dis_06224,drug_001835,general,drugs_com.condition
dis_06224,drug_001865,general,drugs_com.condition
dis_06224,drug_001867,general,drugs_com.condition
dis_06224,drug_001873,general,drugs_com.condition
dis_06224,drug_001934,otc,drugs_com.condition
dis_06224,drug_001965,general,drugs_com.condition
dis_06224,drug_001987,general,drugs_com.condition
dis_06224,drug_001996,general,drugs_com.condition
dis_06224,drug_002060,otc,drugs_com.condition
dis_06224,drug_002061,otc,drugs_com.condition
dis_06224,drug_002072,general,drugs_com.condition
dis_06224,drug_002092,otc,drugs_com.condition
dis_06224,drug_002118,general,drugs_com.condition
dis_06224,drug_002160,general,drugs_com.condition
dis_06224,drug_002161,general,drugs_com.condition
dis_06224,drug_002164,general,drugs_com.condition
dis_06224,drug_002166,general,drugs_com.condition
dis_06224,drug_002236,otc,drugs_com.condition
dis_06224,drug_002251,otc,drugs_com.condition
dis_06224,drug_002254,otc,drugs_com.condition
dis_06224,drug_002264,otc,drugs_com.condition
dis_06224,drug_002345,general,drugs_com.condition
dis_06224,drug_002354,general,drugs_com.condition
dis_06224,drug_002395,general,drugs_com.condition
dis_06224,drug_002414,general,drugs_com.condition
dis_06224,drug_002418,otc,drugs_com.condition
dis_06224,drug_002422,general,drugs_com.condition
dis_06224,drug_002423,otc,drugs_com.condition
dis_06224,drug_002448,general,drugs_com.condition
dis_06224,drug_002508,general,drugs_com.condition
dis_06224,drug_002532,general,drugs_com.condition
dis_06224,drug_002553,general,drugs_com.condition
dis_06224,drug_002555,general,drugs_com.condition
dis_06224,drug_002567,otc,drugs_com.condition
dis_06224,drug_002568,otc,drugs_com.condition
dis_06224,drug_002589,otc,drugs_com.condition
dis_06224,drug_002590,general,drugs_com.condition
dis_06224,drug_002607,otc,drugs_com.condition
dis_06224,drug_002611,general,drugs_com.condition
dis_06224,drug_002652,otc,drugs_com.condition
dis_06224,drug_002669,general,drugs_com.condition
dis_06224,drug_002671,general,drugs_com.condition
dis_06224,drug_002672,general,drugs_com.condition
dis_06224,drug_002674,general,drugs_com.condition
dis_06224,drug_002690,general,drugs_com.condition
dis_06224,drug_002698,otc,drugs_com.condition
dis_06224,drug_002795,general,drugs_com.condition
dis_06224,drug_002834,general,drugs_com.condition
dis_06589,drug_000420,general,drugs_com.condition
dis_06589,drug_000487,general,drugs_com.condition
dis_06589,drug_000799,general,drugs_com.condition
dis_06589,drug_000800,otc,drugs_com.condition
dis_06589,drug_000801,otc,drugs_com.condition
dis_06589,drug_000878,general,drugs_com.condition
dis_06589,drug_000982,general,drugs_com.condition
dis_06589,drug_001038,general,drugs_com.condition
dis_06589,drug_001148,general,drugs_com.condition
dis_06589,drug_001220,general,drugs_com.condition
dis_06589,drug_001356,general,drugs_com.condition
dis_06589,drug_001577,general,drugs_com.condition
dis_06589,drug_001771,general,drugs_com.condition
dis_06589,drug_001819,general,drugs_com.condition
dis_06589,drug_001931,general,drugs_com.condition
dis_06589,drug_001932,general,drugs_com.condition
dis_06589,drug_002046,general,drugs_com.condition
dis_06589,drug_002215,general,drugs_com.condition
dis_06589,drug_002374,general,drugs_com.condition
dis_06589,drug_002518,general,drugs_com.condition
dis_06589,drug_002556,general,drugs_com.condition
dis_06708,drug_000602,otc,drugs_com.condition
dis_06801,drug_000237,general,drugs_com.condition
dis_06801,drug_002199,general,drugs_com.condition
dis_06801,drug_002218,general,drugs_com.condition
dis_06801,drug_002793,general,drugs_com.condition
dis_07626,drug_001461,otc,drugs_com.condition
dis_07626,drug_001462,otc,drugs_com.condition
dis_07626,drug_001463,otc,drugs_com.condition
dis_07626,drug_001464,otc,drugs_com.condition
dis_07626,drug_001465,otc,drugs_com.condition
dis_07626,drug_001466,otc,drugs_com.condition
dis_07626,drug_001559,otc,drugs_com.condition
dis_07626,drug_001560,otc,drugs_com.condition
dis_07626,drug_001563,general,drugs_com.condition
dis_07626,drug_001972,otc,drugs_com.condition
dis_07626,drug_001973,otc,drugs_com.condition
dis_07626,drug_001974,otc,drugs_com.condition
dis_07626,drug_002262,otc,drugs_com.condition
dis_07628,drug_000723,otc,drugs_com.condition
dis_07628,drug_000872,otc,drugs_com.condition
dis_07628,drug_000874,otc,drugs_com.condition
dis_07660,drug_001444,general,drugs_com.condition
dis_07660,drug_001801,general,drugs_com.condition
dis_07759,drug_000192,otc,drugs_com.condition
dis_07759,drug_002028,general,drugs_com.condition
